{
    "semantic similarity": [
        0.22581791877746582,
        0.11633049696683884,
        0.1333611160516739,
        0.15850317726532617
    ],
    "perplexity": 946.543254400562,
    "bleu": 0.00038516041099731854,
    "rouge l": 0.11552268476517381,
    "distinct": 0.12655021298155839,
    "emotion": [
        {
            "score": [
                0.0878878229407701,
                0.39846812605646426,
                0.015235109248278186,
                0.38966767446151235,
                0.10033490102783806,
                0.00840636067550107
            ],
            "std": [
                0.22674138983618436,
                0.4097128876688315,
                0.08553981827270293,
                0.3716716829882498,
                0.19499855708184297,
                0.057802118039780165
            ],
            "label": [
                "sadness",
                "joy",
                "love",
                "anger",
                "fear",
                "surprise"
            ]
        },
        {
            "score": [
                0.2896285032952671,
                0.271495469938105,
                0.023309589239469394,
                0.34172616484604523,
                0.06777737714981699,
                0.0060628916286927835
            ],
            "std": [
                0.417367885144403,
                0.3873958373676045,
                0.13153935544013196,
                0.40013699041383993,
                0.17417544896242762,
                0.025725795495779438
            ],
            "label": [
                "sadness",
                "joy",
                "love",
                "anger",
                "fear",
                "surprise"
            ]
        }
    ],
    "semantic answer similarity": [
        0.36482107639312744,
        0.31565892696380615,
        0.28468579053878784,
        0.3217219312985738
    ],
    "semantic classifier": [
        {
            "score": 0.4815385937690735,
            "std": 0.46496811509132385
        },
        {
            "score": 0.4109213054180145,
            "std": 0.45215409994125366
        }
    ]
}