{
    "semantic similarity": [
        0.05998741462826729,
        0.12689010798931122,
        0.07760661840438843,
        0.08816138034065564
    ],
    "perplexity": 497.4217975044862,
    "bleu": 0.0,
    "rouge l": 0.03663553066914412,
    "distinct": 0.09577227552092062,
    "emotion": [
        {
            "score": [
                0.14500770009472036,
                0.39879118960151183,
                0.09134645529723327,
                0.31392020840680096,
                0.04740688911343958,
                0.0035275342732867493
            ],
            "std": [
                0.28512911646193734,
                0.38551558751950504,
                0.2671697417263083,
                0.3253279934863506,
                0.0745986212788045,
                0.003569929081362606
            ],
            "label": [
                "sadness",
                "joy",
                "love",
                "anger",
                "fear",
                "surprise"
            ]
        },
        {
            "score": [
                0.03746550154090593,
                0.48511668966883525,
                0.031405844819632225,
                0.34030361331533643,
                0.10148467655859089,
                0.004223684194481134
            ],
            "std": [
                0.07433699111597153,
                0.40547387526414214,
                0.1635754033944588,
                0.31675170416765536,
                0.1438075829565963,
                0.004561719649565307
            ],
            "label": [
                "sadness",
                "joy",
                "love",
                "anger",
                "fear",
                "surprise"
            ]
        }
    ],
    "semantic answer similarity": [
        0.27741992473602295,
        0.3198811113834381,
        0.2828986346721649,
        0.2933998902638753
    ],
    "semantic classifier": [
        {
            "score": 0.3620055317878723,
            "std": 0.4437754154205322
        },
        {
            "score": 0.24363575875759125,
            "std": 0.3951863944530487
        }
    ]
}