{
    "semantic similarity": [
        0.0954231321811676,
        0.22581791877746582,
        0.09963352233171463,
        0.14029152443011603
    ],
    "perplexity": 398.63258550208553,
    "bleu": 0.0,
    "rouge l": 0.07784712634918524,
    "distinct": 0.10609917782254247,
    "emotion": [
        {
            "score": [
                0.2896285032952671,
                0.271495469938105,
                0.023309589239469394,
                0.34172616484604523,
                0.06777737714981699,
                0.0060628916286927835
            ],
            "std": [
                0.417367885144403,
                0.3873958373676045,
                0.13153935544013196,
                0.40013699041383993,
                0.17417544896242762,
                0.025725795495779438
            ],
            "label": [
                "sadness",
                "joy",
                "love",
                "anger",
                "fear",
                "surprise"
            ]
        },
        {
            "score": [
                0.08338458265166866,
                0.38902365875618744,
                0.024806545307496035,
                0.40497622549917656,
                0.08848321566827828,
                0.00932577022948622
            ],
            "std": [
                0.2240997757287796,
                0.4004565899027035,
                0.1225137788424608,
                0.37169900770676767,
                0.18269038815068375,
                0.062167484450228766
            ],
            "label": [
                "sadness",
                "joy",
                "love",
                "anger",
                "fear",
                "surprise"
            ]
        }
    ],
    "semantic answer similarity": [
        0.2928009629249573,
        0.36482107639312744,
        0.2527213394641876,
        0.30344779292742413
    ],
    "semantic classifier": [
        {
            "score": 0.4523341953754425,
            "std": 0.4608517587184906
        },
        {
            "score": 0.9953256249427795,
            "std": 0.052997175604104996
        }
    ]
}