{
    "semantic similarity": [
        0.22581791877746582,
        0.22581791877746582,
        0.9627602100372314,
        0.4714653491973877
    ],
    "perplexity": 398.6325865044064,
    "bleu": 0.7030651340996169,
    "rouge l": 1.0,
    "distinct": 0.10609917782254247,
    "emotion": [
        {
            "score": [
                0.2896285032952671,
                0.271495469938105,
                0.023309589239469394,
                0.34172616484604523,
                0.06777737714981699,
                0.0060628916286927835
            ],
            "std": [
                0.417367885144403,
                0.3873958373676045,
                0.13153935544013196,
                0.40013699041383993,
                0.17417544896242762,
                0.025725795495779438
            ],
            "label": [
                "sadness",
                "joy",
                "love",
                "anger",
                "fear",
                "surprise"
            ]
        },
        {
            "score": [
                0.2896285032952671,
                0.271495469938105,
                0.023309589239469394,
                0.34172616484604523,
                0.06777737714981699,
                0.0060628916286927835
            ],
            "std": [
                0.417367885144403,
                0.3873958373676045,
                0.13153935544013196,
                0.40013699041383993,
                0.17417544896242762,
                0.025725795495779438
            ],
            "label": [
                "sadness",
                "joy",
                "love",
                "anger",
                "fear",
                "surprise"
            ]
        }
    ],
    "semantic answer similarity": [
        0.36482107639312744,
        0.36482107639312744,
        1.0,
        0.576547384262085
    ],
    "semantic classifier": [
        {
            "score": 0.3149186968803406,
            "std": 0.43013015389442444
        },
        {
            "score": 0.3970229923725128,
            "std": 0.45079663395881653
        }
    ]
}