{
    "semantic similarity": [
        0.1510549634695053,
        0.11633049696683884,
        0.05856241285800934,
        0.10864929109811783
    ],
    "perplexity": 946.5432560410967,
    "bleu": 0.0,
    "rouge l": 0.07969873428799741,
    "distinct": 0.12655021298155839,
    "emotion": [
        {
            "score": [
                0.0878878229407701,
                0.39846812605646426,
                0.015235109248278186,
                0.38966767446151235,
                0.10033490102783806,
                0.00840636067550107
            ],
            "std": [
                0.22674138983618436,
                0.4097128876688315,
                0.08553981827270293,
                0.3716716829882498,
                0.19499855708184297,
                0.057802118039780165
            ],
            "label": [
                "sadness",
                "joy",
                "love",
                "anger",
                "fear",
                "surprise"
            ]
        },
        {
            "score": [
                0.071376302429846,
                0.4224649633048325,
                0.024813509598378605,
                0.38617097735289835,
                0.07395334350152817,
                0.021220907501217783
            ],
            "std": [
                0.20017654055218595,
                0.40698622394098544,
                0.12867814272319592,
                0.3684794763291123,
                0.1546619166494759,
                0.12022590472486068
            ],
            "label": [
                "sadness",
                "joy",
                "love",
                "anger",
                "fear",
                "surprise"
            ]
        }
    ],
    "semantic answer similarity": [
        0.3569670021533966,
        0.31565892696380615,
        0.23534995317459106,
        0.30265862743059796
    ],
    "semantic classifier": [
        {
            "score": 0.5493512153625488,
            "std": 0.460236519575119
        },
        {
            "score": 0.30533745884895325,
            "std": 0.42509621381759644
        }
    ]
}