{"one_hot": {"Barney": [1], "Sheldon": [1], "Harry": [1], "Fry": [0], "Bender": [0], "Vader": [1], "Joey": [0], "Phoebe": [1]}, "raw_predictions": {"Barney": [{"Barney": 0.7427531645309138, "Sheldon": 0.3409307888725184, "Harry": 0.24635663538513103, "Fry": 0.4365837899414391, "Bender": 0.4690792107496431, "Vader": 0.016606825033575093, "Joey": 0.5216851304420018, "Phoebe": 0.5625899764181352}], "Sheldon": [{"Barney": 0.29552048170798195, "Sheldon": 0.8748050590880759, "Harry": 0.1306224005663966, "Fry": 0.2695591085297738, "Bender": 0.30709255228832, "Vader": 0.020533804570629623, "Joey": 0.608423101094607, "Phoebe": 0.6441744575129131}], "Harry": [{"Barney": 0.13683884120253376, "Sheldon": 0.06708883841954372, "Harry": 0.4388141369757705, "Fry": 0.15212110308362184, "Bender": 0.16716525062758003, "Vader": 0.013066370832524083, "Joey": 0.08060438623076482, "Phoebe": 0.10256730982359805}], "Fry": [{"Barney": 0.35169663305805593, "Sheldon": 0.24824790888954318, "Harry": 0.20998110563777206, "Fry": 0.7156238718161495, "Bender": 0.7945278179373744, "Vader": 0.033204346756280895, "Joey": 0.39069846108525097, "Phoebe": 0.37055957374649556}], "Bender": [{"Barney": 0.3424145386082738, "Sheldon": 0.24240100221567218, "Harry": 0.18404303193084004, "Fry": 0.8152562835756528, "Bender": 0.7676111183546306, "Vader": 0.03871266695381227, "Joey": 0.3717098209714695, "Phoebe": 0.379811483453546}], "Vader": [{"Barney": 0.0, "Sheldon": 0.009217323384470873, "Harry": 0.0, "Fry": 0.0, "Bender": 0.0, "Vader": 0.25820840612230356, "Joey": 0.0, "Phoebe": 0.0}], "Joey": [{"Barney": 0.39536747925639515, "Sheldon": 0.58691746104902, "Harry": 0.1932663013723321, "Fry": 0.4181559385647579, "Bender": 0.47110008420216587, "Vader": 0.0, "Joey": 0.8391346139039385, "Phoebe": 0.8454508759634352}], "Phoebe": [{"Barney": 0.37585267573313463, "Sheldon": 0.596322442769732, "Harry": 0.16098732095323065, "Fry": 0.36547140807876966, "Bender": 0.4446212735149107, "Vader": 0.0, "Joey": 0.802346757723317, "Phoebe": 0.8716569369073104}]}}